Edad,Vacuna
3 días,Salmonella
12 a 14 días,New Castle + Bronquitis infecciosa
17 días,Salmonella
18 días,Gumboro
6 semanas,New Castle + Bronquitis infecciosa MA5
6 semanas,Viruela
8 semanas,Encefalomielitis aviar
9 semanas,Anemia infecciosa Circomune
11 semanas,New Castle + Bronquitis infecciosa H120
12 semanas,Gumboro - Reovirus (vacunar solo hembras)
13 semanas,Encefalomielitis aviar
14 semanas,Anemia infecciosa Thymovac
16 semanas,Salmonella
16 semanas,Cuadruple oleosa (Vacunar solo en Hembras)
16 semanas,New Castle + Bronquitis infecciosa
33 semanas,New Castle + Bronquitis infecciosa
44 semanas,New Castle + Bronquitis infecciosa
